order_id,customer_id,order_date,region,category,product,sales,quantity,discount,profit
1,1004.0,2023-02-16,North,Electronics,Laptop,13850.0,2.0,,0.0
2,1558.0,,East,Furniture,Sofa,3981.0,,0.0,1194.0
3,1118.0,,,Clothing,Jacket,47387.0,5.0,20.0,4738.0
4,,,East,Furniture,Sofa,26380.0,,0.0,7914.0
5,1310.0,2023-07-04,East,Electronics,Headphones,47723.0,,10.0,9544.0
6,1199.0,,West,Electronics,Headphones,57101.0,,10.0,11420.0
7,,2023-06-05,,Electronics,Mobile,59233.0,4.0,5.0,14808.0
8,,2023-04-23,South,,Tablet,22298.0,,10.0,4459.0
9,1146.0,2023-11-11,North,Electronics,Mobile,,2.0,20.0,6943.0
10,,2023-10-07,West,Furniture,Chair,26430.0,5.0,30.0,
11,1605.0,,North,,Jacket,58699.0,,10.0,11739.0
12,,,North,Clothing,Jeans,51882.0,3.0,5.0,12970.0
13,1251.0,,,Clothing,Jeans,32080.0,,20.0,3207.0
14,,,North,Furniture,Sofa,,5.0,5.0,14442.0
15,1152.0,,East,Electronics,Mobile,,,5.0,7800.0
16,,,South,Furniture,Table,44407.0,5.0,,8881.0
17,,2023-04-14,North,Furniture,Sofa,47126.0,,5.0,11781.0
18,1507.0,,West,Clothing,Shirt,55425.0,1.0,30.0,0.0
19,,,North,,Tablet,,5.0,10.0,4470.0
20,1166.0,,West,Electronics,Laptop,44738.0,,15.0,6710.0
21,,2023-07-11,South,Furniture,Table,21303.0,,15.0,3195.0
22,,2023-08-03,West,Furniture,Table,14900.0,3.0,30.0,0.0
23,1783.0,,South,Furniture,Sofa,1701.0,,10.0,340.0
24,,,,Clothing,Jacket,12997.0,5.0,20.0,1299.0
25,1706.0,2023-09-23,North,Electronics,Tablet,40544.0,2.0,5.0,10136.0
26,1630.0,,North,Clothing,Jacket,45691.0,1.0,10.0,9138.0
27,,,North,Furniture,Sofa,34754.0,,10.0,6950.0
28,,2023-11-22,South,,Laptop,31104.0,4.0,10.0,6220.0
29,1355.0,2023-06-16,North,Clothing,Jeans,34757.0,,5.0,8689.0
30,,2023-01-10,East,,Jeans,2940.0,1.0,30.0,0.0
31,,2023-03-07,West,Electronics,Tablet,63559.0,1.0,0.0,19067.0
32,,,West,Furniture,Chair,50968.0,,0.0,15290.0
33,,,South,Electronics,Headphones,33420.0,,20.0,
34,1586.0,,West,Clothing,Jacket,56783.0,4.0,30.0,0.0
35,,,South,Clothing,Shirt,45634.0,5.0,15.0,6845.0
36,1731.0,,East,Clothing,Jeans,11985.0,2.0,,2996.0
37,,,South,Furniture,,16207.0,3.0,10.0,3241.0
38,1535.0,,West,Clothing,Shirt,60071.0,3.0,10.0,12014.0
39,,,East,,Headphones,10422.0,1.0,10.0,2084.0
40,1627.0,2023-06-26,South,Electronics,Headphones,30468.0,4.0,20.0,3046.0
41,,,South,Furniture,Table,2132.0,,30.0,0.0
42,,2023-10-07,South,Clothing,Shirt,55224.0,3.0,,16567.0
43,,2023-08-11,West,Furniture,Chair,6817.0,,5.0,1704.0
44,1112.0,,North,,Mobile,10029.0,,0.0,3008.0
45,1728.0,2023-10-15,,Furniture,Chair,5884.0,4.0,30.0,0.0
46,1758.0,2023-04-28,West,Electronics,Headphones,10144.0,,,
47,1181.0,,,Clothing,Jeans,42715.0,,20.0,4271.0
48,1225.0,2023-09-11,North,Electronics,Tablet,29114.0,3.0,0.0,8734.0
49,,2023-07-05,North,Furniture,Sofa,41644.0,3.0,15.0,6246.0
50,,,North,,Chair,46197.0,,30.0,0.0
51,,2023-08-03,East,Electronics,Headphones,3164.0,2.0,15.0,474.0
52,1545.0,2023-04-21,,Furniture,Sofa,9499.0,,20.0,949.0
53,,2023-06-18,South,Clothing,Jeans,45186.0,4.0,30.0,0.0
54,,2023-08-15,West,Electronics,Tablet,4345.0,,30.0,0.0
55,,,East,Furniture,Chair,22359.0,2.0,5.0,5589.0
56,1069.0,,East,Furniture,Sofa,59865.0,,,
57,1272.0,2023-03-28,East,Furniture,Sofa,56175.0,5.0,10.0,11234.0
58,1424.0,,North,Clothing,Shirt,45994.0,,30.0,0.0
59,,,West,Clothing,Jacket,16979.0,,0.0,5093.0
60,,2023-06-27,South,Furniture,Chair,60835.0,,0.0,18250.0
61,1278.0,2023-08-18,East,Furniture,Chair,38841.0,,30.0,0.0
62,,2023-06-26,East,Clothing,Jacket,51381.0,,5.0,12845.0
63,1735.0,2023-03-23,West,Furniture,Table,21727.0,,5.0,5431.0
64,1083.0,,South,Electronics,Laptop,50576.0,5.0,15.0,
65,1697.0,,West,Electronics,Mobile,16558.0,2.0,20.0,
66,,2023-12-24,,Clothing,Jacket,43026.0,5.0,5.0,10756.0
67,1248.0,,West,Clothing,Jeans,48840.0,,20.0,4883.0
68,1425.0,2023-01-04,East,Electronics,Tablet,36289.0,,20.0,3628.0
69,1576.0,,North,Clothing,Shirt,60739.0,,10.0,12147.0
70,1224.0,,West,Electronics,Laptop,62043.0,5.0,30.0,0.0
71,,2023-01-07,East,Clothing,Jacket,54240.0,3.0,5.0,13560.0
72,1109.0,2023-06-25,North,Electronics,Headphones,13454.0,,0.0,4036.0
73,1252.0,,South,Electronics,,28155.0,,30.0,
74,1693.0,,,Clothing,,28754.0,5.0,30.0,0.0
75,,2023-10-20,West,Furniture,Table,26821.0,2.0,15.0,4023.0
76,1217.0,2023-12-25,West,Clothing,Shirt,69530.0,3.0,5.0,17382.0
77,,2023-02-07,West,Clothing,Jacket,,,30.0,0.0
78,,2023-08-30,West,Furniture,Sofa,30178.0,1.0,30.0,0.0
79,,,East,Electronics,Mobile,9961.0,4.0,10.0,1992.0
80,1402.0,,North,Electronics,Headphones,17377.0,,5.0,4344.0
81,1479.0,,West,Furniture,Sofa,52993.0,5.0,,10598.0
82,,,East,Electronics,Mobile,52991.0,,,0.0
83,,,North,,Tablet,24540.0,4.0,5.0,6135.0
84,1698.0,2023-09-17,East,Furniture,Sofa,18011.0,2.0,,2701.0
85,1781.0,2023-11-27,South,Clothing,Jacket,,,30.0,0.0
86,1403.0,2023-12-29,East,Clothing,Shirt,10076.0,,0.0,3022.0
87,1556.0,,South,Furniture,Chair,10995.0,4.0,10.0,
88,1507.0,2023-02-17,North,Electronics,,45345.0,5.0,,9069.0
89,1584.0,2023-03-20,South,Clothing,Jacket,44628.0,,15.0,6694.0
90,,,East,Electronics,Headphones,41557.0,,5.0,10389.0
91,1241.0,2023-06-03,South,Clothing,Jacket,41221.0,3.0,15.0,6183.0
92,,,West,,Sofa,,3.0,10.0,5727.0
93,1363.0,,East,Clothing,Jeans,56050.0,4.0,30.0,
94,,,West,Clothing,Shirt,64472.0,4.0,30.0,0.0
95,,,East,Clothing,Shirt,12032.0,1.0,10.0,2406.0
96,,,South,Clothing,Jacket,60185.0,1.0,0.0,18055.0
97,,2023-03-25,West,Clothing,Jeans,36122.0,1.0,30.0,0.0
98,1641.0,2023-10-20,West,Clothing,Shirt,20402.0,,0.0,6120.0
99,1487.0,,West,Electronics,Laptop,65843.0,,5.0,16460.0
100,1526.0,2023-10-26,West,Furniture,Sofa,36434.0,5.0,5.0,9108.0
101,1103.0,,West,Clothing,Shirt,56007.0,,15.0,8401.0
102,,,West,Furniture,Chair,22027.0,2.0,0.0,6608.0
103,1731.0,2023-06-05,West,Clothing,Jacket,22940.0,2.0,20.0,2293.0
104,1255.0,2023-03-09,North,Clothing,Shirt,9115.0,,0.0,2734.0
105,,,West,Electronics,Headphones,21143.0,1.0,5.0,
106,1525.0,2023-10-28,East,Clothing,Jacket,17323.0,1.0,0.0,5196.0
107,,,West,Clothing,Jeans,56750.0,,0.0,17025.0
108,1420.0,,West,Clothing,Jeans,,3.0,30.0,0.0
109,1619.0,,West,,Chair,55347.0,4.0,10.0,
110,,2023-06-16,,Electronics,Headphones,10264.0,5.0,30.0,0.0
111,,,,Furniture,Chair,,,15.0,5470.0
112,,2023-05-06,South,,Sofa,56600.0,2.0,0.0,16980.0
113,,,North,Clothing,Shirt,41725.0,1.0,20.0,4172.0
114,1694.0,2023-07-05,East,Furniture,Chair,6515.0,,20.0,651.0
115,,,West,Electronics,,55406.0,,,13851.0
116,1461.0,2023-11-08,North,Clothing,Shirt,13427.0,,15.0,2014.0
117,,,East,Furniture,Sofa,69094.0,3.0,0.0,20728.0
118,1795.0,,South,Clothing,Jeans,21115.0,1.0,15.0,3167.0
119,1491.0,,South,Furniture,Chair,35728.0,,10.0,7145.0
120,1542.0,,West,Clothing,Jeans,62043.0,2.0,30.0,0.0
121,,,North,Furniture,Sofa,31939.0,,15.0,4790.0
122,,,East,Furniture,Chair,19382.0,4.0,20.0,1938.0
123,1694.0,,West,Electronics,,,,5.0,15805.0
124,1609.0,,South,Clothing,Jacket,46899.0,4.0,20.0,
125,1452.0,2023-05-09,West,,Sofa,3807.0,4.0,30.0,0.0
126,1739.0,,South,Electronics,Mobile,65184.0,3.0,20.0,6518.0
127,1287.0,2023-12-28,North,Furniture,Chair,60882.0,,15.0,9132.0
128,1420.0,2023-04-02,South,,Headphones,9366.0,,0.0,2809.0
129,,,West,Electronics,Mobile,28154.0,,15.0,4223.0
130,,,West,Electronics,Laptop,19621.0,4.0,5.0,4905.0
131,,,West,Electronics,Mobile,25554.0,,10.0,5110.0
132,,,North,Clothing,Jeans,11107.0,3.0,30.0,0.0
133,,2023-06-01,East,Furniture,Table,31909.0,,5.0,7977.0
134,1637.0,,South,Furniture,,32790.0,,,3278.0
135,,,East,Electronics,Laptop,15484.0,,,2322.0
136,1634.0,,South,Clothing,Shirt,27426.0,,0.0,8227.0
137,,,East,Electronics,Headphones,12542.0,5.0,20.0,1254.0
138,1331.0,2023-12-26,South,Clothing,Shirt,6645.0,5.0,5.0,1661.0
139,1367.0,2023-05-21,East,Furniture,Sofa,16189.0,,0.0,4856.0
140,,,North,,Table,,2.0,15.0,3393.0
141,,2023-04-16,North,,Laptop,45530.0,3.0,15.0,6829.0
142,,,,Furniture,Chair,,,5.0,10871.0
143,,,East,Furniture,Chair,32425.0,5.0,10.0,6484.0
144,,,West,Furniture,Chair,12729.0,3.0,20.0,1272.0
145,1287.0,2023-06-06,West,Electronics,Tablet,1438.0,,,215.0
146,,2023-08-22,North,Electronics,Mobile,67604.0,,20.0,6760.0
147,1069.0,2023-11-09,East,Clothing,Jeans,20775.0,1.0,30.0,0.0
148,1674.0,2023-02-19,,Clothing,Shirt,,2.0,15.0,8173.0
149,,2023-06-20,,Furniture,Chair,14514.0,,10.0,2902.0
150,1081.0,2023-10-21,South,Furniture,Chair,59990.0,2.0,5.0,14997.0
151,1452.0,2023-11-04,North,Clothing,Jeans,7115.0,4.0,20.0,711.0
152,,,South,Electronics,Laptop,50786.0,4.0,,15235.0
153,,2023-08-27,East,Electronics,Headphones,28529.0,,,5705.0
154,1728.0,2023-09-03,South,Furniture,Sofa,23169.0,,30.0,0.0
155,,,North,Clothing,Jacket,50677.0,,15.0,7601.0
156,,2023-02-12,South,Furniture,Table,42511.0,,0.0,12753.0
157,,2023-04-03,South,Electronics,Headphones,46967.0,,30.0,0.0
158,1358.0,2023-06-04,West,Clothing,Shirt,63089.0,,30.0,0.0
159,1448.0,,North,Electronics,Mobile,46737.0,3.0,,14021.0
160,1102.0,2023-10-09,West,Electronics,Mobile,36375.0,,20.0,
161,1124.0,2023-01-14,East,Furniture,Sofa,38683.0,,30.0,0.0
162,1181.0,,,Furniture,Chair,12402.0,,30.0,0.0
163,,2023-03-05,East,Electronics,Mobile,43074.0,1.0,0.0,12922.0
164,,2023-01-02,South,Clothing,Shirt,31038.0,,30.0,0.0
165,,2023-05-16,,Electronics,Headphones,,1.0,30.0,0.0
166,1547.0,,North,Electronics,Mobile,30588.0,,10.0,6117.0
167,1348.0,,West,Furniture,Chair,14610.0,4.0,30.0,0.0
168,1096.0,2023-08-11,South,Electronics,Tablet,19454.0,1.0,20.0,1945.0
169,,2023-10-31,East,Furniture,,3769.0,,0.0,
170,,,,Clothing,Jeans,59647.0,2.0,,8947.0
171,,2023-12-09,,Electronics,Laptop,23918.0,5.0,30.0,0.0
172,1320.0,2023-06-04,South,Furniture,Chair,40755.0,,5.0,10188.0
173,,,West,Electronics,Tablet,19475.0,,15.0,2921.0
174,,2023-07-20,North,Furniture,Sofa,24525.0,,5.0,6131.0
175,,,East,Clothing,Jeans,33833.0,4.0,5.0,8458.0
176,,2023-04-28,East,Electronics,Tablet,43031.0,,20.0,
177,1760.0,2023-09-30,South,Clothing,Jacket,55116.0,,15.0,8267.0
178,1520.0,,South,Electronics,Laptop,57418.0,3.0,10.0,11483.0
179,1174.0,2023-06-14,West,Clothing,Shirt,,,,6460.0
180,1794.0,,North,,Jeans,2437.0,2.0,10.0,487.0
181,,2023-11-29,West,Furniture,Sofa,27041.0,,,5408.0
182,1751.0,,North,Furniture,Chair,35408.0,,0.0,10622.0
183,,2023-03-10,South,Clothing,Jeans,,,,2980.0
184,1648.0,2023-01-04,North,Electronics,Tablet,59480.0,,30.0,0.0
185,1230.0,2023-04-18,South,Clothing,Jeans,54034.0,,5.0,13508.0
186,,2023-08-09,South,Clothing,Jeans,63535.0,3.0,0.0,
187,,,South,Electronics,Headphones,14306.0,,5.0,3576.0
188,,2023-08-25,South,Clothing,Jeans,22231.0,4.0,5.0,5557.0
189,1020.0,2023-03-02,East,Clothing,Jacket,15215.0,,20.0,1521.0
190,,2023-04-11,West,Clothing,Jeans,32807.0,,10.0,6561.0
191,1609.0,2023-04-04,South,Electronics,Laptop,45450.0,,,9090.0
192,,,South,Electronics,,66320.0,5.0,10.0,13263.0
193,,,South,Furniture,Table,47437.0,2.0,0.0,14231.0
194,,,North,Clothing,Jacket,32540.0,,20.0,3253.0
195,,,East,Electronics,,13848.0,1.0,15.0,2077.0
196,1608.0,,North,Furniture,,41553.0,,0.0,12465.0
197,1278.0,,South,Furniture,Sofa,42050.0,,30.0,0.0
198,1614.0,,South,Electronics,Laptop,13164.0,5.0,10.0,2632.0
199,,2023-02-10,West,Clothing,Jeans,8442.0,,5.0,
200,,,East,Furniture,Table,,1.0,15.0,8010.0
201,,2023-10-04,East,Furniture,Table,14811.0,2.0,5.0,3702.0
202,,2023-03-23,East,Clothing,Jeans,62771.0,5.0,30.0,0.0
203,1114.0,,West,Clothing,Jacket,62193.0,,5.0,15548.0
204,,2023-11-27,North,,,1345.0,5.0,30.0,0.0
205,,2023-09-27,East,Clothing,Jeans,63085.0,2.0,15.0,9462.0
206,1394.0,2023-03-26,,Electronics,Laptop,20570.0,,10.0,4114.0
207,,,South,Electronics,,32538.0,,20.0,
208,1735.0,2023-11-01,North,Furniture,,6340.0,4.0,15.0,951.0
209,,2023-02-06,West,Clothing,Jacket,14659.0,,30.0,
210,,2023-07-01,East,Furniture,Chair,35382.0,5.0,15.0,5307.0
211,,2023-12-08,West,Electronics,Laptop,15141.0,2.0,15.0,2271.0
212,1631.0,2023-05-12,South,Clothing,Jacket,39631.0,4.0,10.0,7926.0
213,1050.0,,East,Clothing,Jeans,15835.0,,30.0,0.0
214,1627.0,2023-12-21,East,,Headphones,2474.0,,15.0,371.0
215,,2023-05-28,East,Furniture,Chair,11409.0,4.0,0.0,3422.0
216,,2023-11-22,East,Clothing,Shirt,63982.0,,20.0,6398.0
217,,2023-02-09,South,Electronics,Headphones,26245.0,5.0,,2624.0
218,1221.0,2023-02-05,South,Furniture,Table,12817.0,,10.0,2563.0
219,1345.0,,West,Clothing,Jacket,27244.0,2.0,30.0,0.0
220,1278.0,2023-06-19,West,Furniture,Sofa,46335.0,,15.0,6950.0
221,,,East,Furniture,Chair,35552.0,2.0,15.0,5332.0
222,1391.0,,East,Clothing,Jeans,29385.0,5.0,,4407.0
223,1422.0,2023-01-01,North,Electronics,Laptop,4801.0,1.0,0.0,1440.0
224,,2023-10-20,North,Clothing,Shirt,55981.0,,20.0,5598.0
225,1130.0,,East,Clothing,,25204.0,,0.0,7561.0
226,1152.0,,West,Clothing,Jeans,26776.0,,0.0,8032.0
227,1253.0,2023-04-02,North,Electronics,Mobile,47332.0,,0.0,14199.0
228,,2023-05-09,East,Electronics,Tablet,51861.0,4.0,20.0,5186.0
229,,,North,Electronics,Headphones,42775.0,5.0,15.0,6416.0
230,1114.0,,West,Clothing,Jeans,20721.0,,30.0,0.0
231,,2023-05-20,South,Furniture,Table,,,15.0,8462.0
232,1265.0,2023-05-13,West,Electronics,Mobile,3938.0,1.0,5.0,984.0
233,1251.0,,North,Clothing,Jacket,30425.0,1.0,30.0,0.0
234,,,West,Furniture,Chair,48456.0,5.0,,7268.0
235,1759.0,,West,Furniture,Chair,41269.0,2.0,15.0,6190.0
236,1243.0,2023-05-04,West,Electronics,Tablet,66747.0,2.0,,13349.0
237,1246.0,,West,Furniture,Chair,,,30.0,0.0
238,,,South,Electronics,Tablet,34100.0,,20.0,3409.0
239,,,North,Clothing,,18655.0,3.0,20.0,1865.0
240,,,East,Clothing,Jeans,4639.0,4.0,30.0,0.0
241,,2023-05-06,East,Furniture,Table,7250.0,,0.0,
242,1469.0,,North,Clothing,Shirt,24184.0,3.0,30.0,0.0
243,,,,Electronics,,4811.0,3.0,0.0,1443.0
244,,,East,Furniture,Table,58470.0,,0.0,17541.0
245,,,,Furniture,,10671.0,1.0,0.0,3201.0
246,1112.0,,North,,Shirt,24587.0,1.0,30.0,0.0
247,,,North,Clothing,Shirt,,,20.0,4747.0
248,,,North,Clothing,Shirt,59850.0,2.0,30.0,0.0
249,,,North,Electronics,Headphones,23894.0,,5.0,5973.0
250,,2023-12-29,South,Clothing,Shirt,60386.0,1.0,5.0,15096.0
251,,,East,Furniture,Table,22770.0,1.0,30.0,0.0
252,1486.0,2023-05-14,,Electronics,Headphones,43828.0,,30.0,0.0
253,1554.0,2023-10-06,East,Clothing,Jacket,,,0.0,510.0
254,,,East,Furniture,Table,25682.0,,10.0,5136.0
255,1580.0,2023-01-15,North,Electronics,Tablet,,,15.0,6021.0
256,1201.0,,West,Electronics,Mobile,36672.0,,0.0,11001.0
257,1228.0,2023-02-18,West,Furniture,Sofa,27870.0,5.0,15.0,4180.0
258,1564.0,2023-03-09,West,Electronics,,30368.0,,15.0,4555.0
259,,,South,Furniture,Sofa,18566.0,,5.0,4641.0
260,1224.0,2023-11-30,West,Clothing,Shirt,39038.0,1.0,10.0,7807.0
261,1092.0,,East,Clothing,,,5.0,,7893.0
262,,2023-03-13,South,Electronics,,57601.0,,15.0,8640.0
263,,2023-12-04,South,Clothing,,43487.0,,30.0,0.0
264,1559.0,,South,Clothing,Jeans,9503.0,,5.0,2375.0
265,,,North,,Headphones,64981.0,3.0,10.0,12996.0
266,1204.0,,North,Electronics,Mobile,27204.0,,0.0,8161.0
267,,2023-12-04,East,,Shirt,66697.0,,0.0,20009.0
268,1118.0,,North,Electronics,Tablet,67822.0,4.0,,20346.0
269,,2023-03-24,West,Clothing,Jacket,54808.0,,20.0,5480.0
270,,2023-03-15,East,Electronics,Laptop,18650.0,1.0,5.0,4662.0
271,,2023-02-22,South,Furniture,Chair,11419.0,5.0,5.0,2854.0
272,1663.0,2023-08-05,East,Clothing,Jeans,14010.0,4.0,30.0,0.0
273,1190.0,,East,Clothing,Jacket,,2.0,,3354.0
274,,,East,Electronics,Laptop,42532.0,2.0,10.0,8506.0
275,1453.0,2023-06-03,South,Furniture,Chair,40815.0,2.0,0.0,12244.0
276,,,North,Clothing,Shirt,11076.0,,30.0,
277,,,North,,Sofa,,,10.0,12443.0
278,,,South,Furniture,Chair,,,30.0,0.0
279,,,West,Clothing,Jacket,47012.0,1.0,10.0,9402.0
280,,,East,Furniture,Sofa,62953.0,,5.0,15738.0
281,,,South,Furniture,,37435.0,4.0,15.0,5615.0
282,1113.0,2023-12-14,West,Clothing,Jacket,18967.0,2.0,20.0,1896.0
283,1243.0,,,Clothing,Jeans,67155.0,,10.0,13430.0
284,,2023-02-24,West,Furniture,Chair,25121.0,,5.0,
285,,2023-11-22,North,Electronics,Headphones,52841.0,,,0.0
286,,2023-02-26,East,,Chair,67928.0,,0.0,20378.0
287,,2023-06-26,East,Furniture,Table,69032.0,,20.0,
288,,,South,Furniture,Sofa,68940.0,4.0,20.0,6893.0
289,1716.0,,North,Electronics,Tablet,59125.0,1.0,20.0,
290,1782.0,2023-02-08,,Clothing,Jeans,68624.0,,5.0,17156.0
291,1230.0,2023-12-21,East,Clothing,Shirt,8581.0,,,2145.0
292,,,East,Clothing,Jeans,44515.0,2.0,,4451.0
293,,,East,Furniture,Chair,14716.0,,20.0,1471.0
294,1467.0,2023-11-30,,Furniture,Sofa,,5.0,15.0,3877.0
295,,2023-05-05,East,Furniture,Table,42894.0,,5.0,10723.0
296,,,South,Electronics,Tablet,31842.0,2.0,5.0,7960.0
297,1670.0,,South,Clothing,Jeans,22517.0,4.0,10.0,4503.0
298,1440.0,,South,Clothing,Jeans,53195.0,2.0,15.0,7979.0
299,,,West,Clothing,Jacket,30669.0,,15.0,4600.0
300,,2023-02-03,East,Clothing,Shirt,35303.0,4.0,0.0,10590.0
301,1596.0,2023-02-02,North,Furniture,Sofa,50978.0,3.0,0.0,15293.0
302,,2023-07-06,South,Electronics,Tablet,,,0.0,7989.0
303,,2023-03-07,West,Furniture,Table,56219.0,,15.0,8432.0
304,1104.0,2023-10-09,North,Electronics,Mobile,45096.0,5.0,0.0,13528.0
305,1365.0,2023-11-09,North,Electronics,,1118.0,4.0,20.0,111.0
306,,,South,Electronics,Laptop,45574.0,4.0,5.0,11393.0
307,1194.0,,South,,Shirt,25579.0,3.0,15.0,3836.0
308,1392.0,,,Clothing,Shirt,33409.0,,30.0,0.0
309,1287.0,2023-05-22,North,Furniture,Chair,43788.0,,10.0,8757.0
310,1395.0,2023-04-14,West,Clothing,,10335.0,5.0,,2067.0
311,1491.0,2023-05-21,West,Electronics,Tablet,33938.0,,,0.0
312,,2023-10-14,East,Electronics,Headphones,9193.0,,15.0,1378.0
313,1420.0,,North,Furniture,,,,30.0,0.0
314,,,South,,Table,25926.0,,10.0,5185.0
315,1450.0,2023-09-04,North,Furniture,Sofa,16644.0,,0.0,
316,,2023-04-02,East,Furniture,Sofa,54980.0,3.0,30.0,0.0
317,,,North,,Headphones,1335.0,2.0,,0.0
318,,,West,Clothing,Shirt,,,10.0,11237.0
319,,,North,Electronics,Mobile,21392.0,,0.0,6417.0
320,,,North,Clothing,Shirt,5411.0,,10.0,1082.0
321,1325.0,,South,Clothing,Jacket,65610.0,3.0,0.0,19683.0
322,,,West,Clothing,Jacket,29911.0,3.0,30.0,0.0
323,,2023-04-06,East,Clothing,Jacket,39904.0,,15.0,
324,,,South,Clothing,Jeans,52634.0,,30.0,0.0
325,1446.0,2023-03-16,North,Clothing,Shirt,48520.0,3.0,20.0,4851.0
326,,2023-10-21,West,,Chair,27443.0,1.0,20.0,2744.0
327,1191.0,,South,,Tablet,18801.0,5.0,0.0,5640.0
328,,,North,Furniture,Sofa,68010.0,,20.0,6800.0
329,1722.0,,West,Electronics,Tablet,68088.0,,30.0,0.0
330,1239.0,2023-05-20,North,Electronics,Laptop,23191.0,,20.0,2319.0
331,1159.0,2023-05-14,North,Clothing,Jeans,62666.0,,,15666.0
332,,2023-08-13,,Clothing,Jeans,1743.0,,30.0,0.0
333,,2023-03-18,North,Electronics,Headphones,69575.0,,15.0,
334,,2023-06-01,,Electronics,Mobile,9324.0,1.0,30.0,0.0
335,,,South,Furniture,Sofa,44930.0,3.0,10.0,8986.0
336,1762.0,2023-11-30,West,Clothing,Shirt,13647.0,3.0,0.0,4094.0
337,,,East,Clothing,Jeans,19553.0,,5.0,4888.0
338,1529.0,,East,Clothing,,53699.0,,5.0,13424.0
339,,,South,Clothing,Jacket,51861.0,3.0,15.0,7779.0
340,,2023-08-04,East,Furniture,Sofa,67071.0,,5.0,16767.0
341,,,West,Furniture,Chair,32629.0,3.0,0.0,9788.0
342,1559.0,,South,Electronics,Laptop,50144.0,1.0,15.0,7521.0
343,,,North,Clothing,Jacket,29578.0,2.0,20.0,2957.0
344,,2023-12-18,West,Electronics,Headphones,50664.0,3.0,5.0,12666.0
345,1049.0,2023-03-25,West,Clothing,Jeans,29201.0,,30.0,0.0
346,1768.0,2023-11-07,East,Clothing,Shirt,53041.0,,0.0,15912.0
347,,2023-05-27,,,Table,66366.0,,10.0,13273.0
348,1554.0,2023-11-11,East,Clothing,Shirt,34756.0,2.0,15.0,5213.0
349,1798.0,2023-11-07,East,Clothing,Shirt,50707.0,1.0,30.0,0.0
350,1649.0,2023-03-21,East,Furniture,Sofa,,5.0,20.0,2046.0
351,1062.0,,,Clothing,Jeans,9568.0,,0.0,2870.0
352,1760.0,2023-08-23,West,Furniture,Table,39810.0,5.0,0.0,11943.0
353,1398.0,,East,Furniture,Chair,,,0.0,4930.0
354,,2023-04-30,South,Clothing,Shirt,,5.0,0.0,5874.0
355,,2023-12-29,North,Electronics,Tablet,,,10.0,2097.0
356,,,North,,Table,55770.0,,10.0,11153.0
357,,,West,Furniture,Sofa,19586.0,,10.0,3917.0
358,,2023-01-26,West,Clothing,Jacket,66814.0,2.0,5.0,16703.0
359,1530.0,,North,,Jacket,45319.0,4.0,20.0,4531.0
360,1083.0,2023-01-29,North,,Headphones,29502.0,4.0,5.0,7375.0
361,1329.0,2023-07-23,South,Electronics,Headphones,33899.0,1.0,15.0,5084.0
362,,,North,Clothing,Shirt,44610.0,3.0,10.0,8922.0
363,,2023-06-13,East,Furniture,Sofa,65967.0,,15.0,9895.0
364,,2023-08-30,West,Clothing,Jeans,38602.0,,0.0,11580.0
365,1348.0,2023-08-28,West,,Shirt,12170.0,,20.0,1216.0
366,1212.0,,East,Furniture,Sofa,60591.0,,0.0,18177.0
367,,,South,Furniture,Chair,,2.0,15.0,9256.0
368,,2023-02-22,East,Furniture,Table,55637.0,3.0,0.0,16691.0
369,,2023-01-23,East,Clothing,Jacket,46849.0,2.0,30.0,0.0
370,1107.0,,West,Clothing,Jeans,7323.0,3.0,30.0,0.0
371,,2023-11-06,East,Clothing,Jacket,1012.0,4.0,0.0,303.0
372,1194.0,2023-04-19,,Furniture,Table,10209.0,,5.0,2552.0
373,,2023-02-16,North,Clothing,Jeans,2586.0,1.0,0.0,775.0
374,,2023-06-11,South,Furniture,Chair,11682.0,,,1752.0
375,,2023-02-28,South,Electronics,Mobile,66707.0,,10.0,13341.0
376,,2023-11-02,West,Electronics,Headphones,33847.0,,,8461.0
377,,,West,Clothing,Shirt,14600.0,,10.0,2919.0
378,1331.0,2023-09-25,North,Furniture,Table,36222.0,,5.0,9055.0
379,1650.0,,,Furniture,Sofa,39486.0,1.0,,9871.0
380,,2023-08-30,West,Furniture,Table,67944.0,1.0,,13588.0
381,,2023-07-07,South,Furniture,,25362.0,5.0,15.0,3804.0
382,1623.0,,South,Clothing,Shirt,44049.0,2.0,20.0,4404.0
383,,2023-06-03,North,Clothing,Jeans,,3.0,10.0,
384,,,North,Furniture,Sofa,59221.0,,10.0,11844.0
385,,,West,Clothing,Shirt,,,0.0,8546.0
386,1323.0,2023-03-21,East,Clothing,Jeans,19430.0,,5.0,4857.0
387,,2023-10-27,East,Electronics,Mobile,29764.0,5.0,10.0,5952.0
388,,,West,Electronics,Mobile,38163.0,,20.0,3816.0
389,,2023-05-22,South,Furniture,Table,49852.0,4.0,10.0,9970.0
390,1307.0,2023-12-04,South,Clothing,Shirt,36398.0,,5.0,9099.0
391,1149.0,2023-01-24,West,Clothing,Jacket,48768.0,2.0,0.0,14630.0
392,,2023-06-03,North,Electronics,Mobile,65360.0,4.0,15.0,9804.0
393,,,West,,Chair,66196.0,3.0,5.0,16549.0
394,1523.0,,South,Electronics,Tablet,26380.0,,15.0,3957.0
395,,2023-08-01,North,Clothing,Shirt,44530.0,,0.0,13359.0
396,,2023-08-06,South,,Jacket,35468.0,2.0,30.0,0.0
397,1573.0,,South,Furniture,Table,66101.0,3.0,0.0,19830.0
398,1565.0,,South,Furniture,Sofa,23908.0,,15.0,3586.0
399,,2023-07-29,West,Electronics,Mobile,21789.0,3.0,0.0,6536.0
400,,2023-07-30,North,Furniture,Table,28695.0,1.0,5.0,7173.0
401,1438.0,,,Electronics,Headphones,30010.0,1.0,0.0,9003.0
402,,,South,Furniture,,52031.0,2.0,10.0,10406.0
403,,2024-01-01,East,Electronics,Mobile,60234.0,4.0,5.0,15058.0
404,,2023-05-19,South,Clothing,Jacket,61151.0,4.0,5.0,15287.0
405,1289.0,,East,Clothing,Shirt,30369.0,,30.0,0.0
406,1243.0,,,Furniture,Chair,,2.0,10.0,9219.0
407,1375.0,,West,Clothing,Shirt,,,10.0,11072.0
408,1084.0,,South,Clothing,Shirt,46034.0,2.0,5.0,11508.0
409,,2023-04-25,West,Furniture,Chair,57077.0,5.0,30.0,0.0
410,1788.0,2023-01-28,East,Clothing,Shirt,56682.0,,20.0,5668.0
411,1326.0,,East,Clothing,Shirt,13738.0,,5.0,3434.0
412,,2023-12-31,East,Clothing,Jacket,56732.0,,15.0,8509.0
413,,,West,,,23502.0,,0.0,7050.0
414,,2023-02-16,East,Clothing,,42830.0,3.0,10.0,8566.0
415,,,West,Furniture,Table,58423.0,,15.0,8763.0
416,1775.0,2023-01-08,West,,Tablet,39916.0,5.0,30.0,0.0
417,1425.0,,West,Electronics,Tablet,,1.0,0.0,19900.0
418,,2023-03-20,South,Furniture,,34062.0,,,
419,,,South,Electronics,Tablet,17359.0,,15.0,2603.0
420,,,South,Clothing,Shirt,45720.0,,30.0,0.0
421,1760.0,2023-03-09,,Electronics,Mobile,3698.0,5.0,20.0,369.0
422,1487.0,,South,Electronics,Headphones,15745.0,,10.0,3148.0
423,,2023-05-20,South,Electronics,Headphones,40633.0,2.0,0.0,12189.0
424,,2023-01-04,North,Electronics,Tablet,58341.0,,10.0,11668.0
425,,,East,Clothing,Jeans,63854.0,,0.0,19156.0
426,,,East,Electronics,Mobile,21945.0,,5.0,5486.0
427,,2023-04-28,South,Furniture,Chair,30993.0,3.0,30.0,0.0
428,,2023-05-19,,Furniture,Sofa,45021.0,5.0,0.0,13506.0
429,,2023-05-22,East,Furniture,Table,,,20.0,614.0
430,,2023-05-20,North,Electronics,Headphones,59279.0,,10.0,11855.0
431,,,South,Clothing,Shirt,43918.0,,10.0,
432,1581.0,2023-07-31,West,Clothing,Shirt,26728.0,1.0,30.0,0.0
433,1690.0,2023-02-27,North,Electronics,Tablet,29998.0,2.0,10.0,5999.0
434,1349.0,2023-09-26,West,Clothing,Jeans,39626.0,,30.0,0.0
435,,,North,Electronics,Headphones,37411.0,2.0,10.0,7482.0
436,,,South,Electronics,Headphones,,5.0,5.0,12610.0
437,1551.0,,,Furniture,Chair,54575.0,,10.0,10915.0
438,1752.0,,East,Clothing,Shirt,,3.0,5.0,4300.0
439,,2023-08-10,North,Electronics,Headphones,10401.0,2.0,20.0,1040.0
440,1683.0,,North,Electronics,Laptop,,,20.0,3957.0
441,1142.0,2023-08-30,East,Clothing,,42942.0,3.0,10.0,8588.0
442,1598.0,2023-05-02,North,Furniture,Sofa,13103.0,5.0,30.0,0.0
443,,2023-10-26,,,Jacket,2476.0,,5.0,
444,1544.0,2023-01-03,East,,,37995.0,,,7598.0
445,1766.0,,North,Electronics,Laptop,62829.0,,,12565.0
446,1695.0,2023-04-14,East,Electronics,Tablet,,2.0,5.0,6221.0
447,,,,Furniture,,23981.0,,0.0,7194.0
448,,2023-02-24,South,Clothing,Jeans,45229.0,2.0,10.0,9045.0
449,1156.0,2023-12-28,West,Clothing,Shirt,61697.0,,10.0,12339.0
450,,,East,Electronics,Tablet,14730.0,4.0,0.0,4419.0
451,1386.0,,South,Clothing,Shirt,45312.0,1.0,20.0,4531.0
452,,,East,Furniture,Sofa,,,30.0,
453,1156.0,2023-09-25,East,Electronics,Headphones,15852.0,4.0,20.0,1585.0
454,,2023-08-23,,Furniture,,52781.0,,10.0,10556.0
455,,,North,Furniture,Chair,17931.0,2.0,,1793.0
456,,,,Furniture,Chair,36673.0,2.0,15.0,5500.0
457,1797.0,2023-12-24,South,,Shirt,27955.0,,15.0,4193.0
458,,,North,Electronics,Headphones,5096.0,1.0,10.0,1019.0
459,1164.0,,North,Electronics,Mobile,,5.0,10.0,8976.0
460,1723.0,2023-01-19,West,Clothing,Jeans,9125.0,,5.0,2281.0
461,1672.0,,South,Furniture,Chair,58644.0,4.0,20.0,5864.0
462,,2023-07-02,West,Clothing,Jacket,14019.0,,20.0,1401.0
463,1784.0,,West,Electronics,Headphones,16749.0,5.0,5.0,4187.0
464,1252.0,,South,Clothing,Shirt,54632.0,3.0,0.0,16389.0
465,,,South,Furniture,Chair,25495.0,,5.0,6373.0
466,1764.0,2023-09-06,East,Clothing,Shirt,46338.0,,20.0,4633.0
467,1176.0,2023-01-23,North,Furniture,Table,46041.0,,20.0,
468,1331.0,2023-07-04,East,Electronics,Mobile,69606.0,1.0,0.0,20881.0
469,,2023-08-21,East,Furniture,Table,66376.0,2.0,20.0,6637.0
470,1558.0,,East,Furniture,Table,7576.0,2.0,5.0,
471,,2023-05-05,West,Clothing,Jeans,8411.0,,20.0,841.0
472,,2023-11-30,South,Electronics,Headphones,44607.0,3.0,5.0,11151.0
473,1568.0,2023-07-19,South,,,36216.0,5.0,10.0,7243.0
474,1178.0,2023-11-22,North,Clothing,Shirt,55195.0,3.0,20.0,5519.0
475,,2023-07-13,North,Electronics,Headphones,68488.0,,0.0,20546.0
476,,2023-01-06,,Electronics,Headphones,52080.0,,30.0,0.0
477,,2023-05-18,West,Clothing,Jacket,20884.0,,5.0,5221.0
478,,2023-09-30,East,Furniture,,19628.0,,,2944.0
479,,2023-01-05,East,Electronics,Tablet,34314.0,,5.0,8578.0
480,1453.0,,East,Electronics,Laptop,31431.0,3.0,30.0,0.0
481,,,South,Clothing,Shirt,15845.0,,30.0,0.0
482,1040.0,,North,Clothing,Jacket,49470.0,1.0,0.0,14841.0
483,1504.0,,East,Electronics,Laptop,35894.0,,5.0,8973.0
484,1150.0,,South,Electronics,Laptop,24902.0,,0.0,7470.0
485,1632.0,,South,Electronics,Mobile,69007.0,,5.0,
486,1522.0,2023-06-27,South,Furniture,,52205.0,3.0,5.0,13051.0
487,,,South,Furniture,Sofa,41307.0,,0.0,12392.0
488,1738.0,,South,Clothing,Shirt,16578.0,,5.0,4144.0
489,,2023-12-29,South,Electronics,Laptop,64623.0,2.0,15.0,9693.0
490,1623.0,2023-01-18,West,,Sofa,30548.0,4.0,,9164.0
491,,2023-04-27,West,Clothing,Shirt,,1.0,20.0,4809.0
492,1528.0,,East,,Chair,20766.0,4.0,0.0,6229.0
493,,2023-10-20,East,Electronics,Tablet,6120.0,5.0,10.0,
494,1621.0,2023-06-22,East,Clothing,Jacket,3022.0,2.0,30.0,0.0
495,1422.0,,South,Clothing,Jeans,34339.0,5.0,0.0,10301.0
496,1351.0,,West,Electronics,Headphones,,5.0,15.0,7678.0
497,,,North,Clothing,Jeans,43628.0,,20.0,4362.0
498,,,North,Furniture,Sofa,44943.0,2.0,10.0,8988.0
499,,,East,Electronics,Tablet,55763.0,,,0.0
500,1422.0,,West,Furniture,Table,10817.0,,30.0,0.0
501,,2023-04-15,South,,Tablet,22074.0,,,0.0
502,,,West,Furniture,Table,13018.0,5.0,20.0,1301.0
503,1114.0,2023-05-19,,Electronics,,45187.0,4.0,5.0,11296.0
504,,2023-11-13,East,Electronics,Laptop,39308.0,5.0,20.0,3930.0
505,,2023-01-24,South,Clothing,Jacket,8631.0,4.0,,1294.0
506,,2023-05-09,North,Electronics,Headphones,66133.0,,5.0,16533.0
507,1642.0,2023-02-20,North,Electronics,Headphones,44622.0,,30.0,0.0
508,1156.0,2023-12-08,South,Clothing,Shirt,5584.0,,15.0,837.0
509,1717.0,2023-12-27,West,Electronics,Tablet,,4.0,,13280.0
510,,,East,Electronics,Mobile,36123.0,,15.0,5418.0
511,,,East,Clothing,Jacket,55980.0,3.0,,11195.0
512,,2023-01-21,North,Furniture,Chair,25838.0,2.0,,5167.0
513,1691.0,,North,Clothing,Shirt,2820.0,2.0,20.0,281.0
514,1505.0,2023-12-08,North,Furniture,Chair,14862.0,5.0,,3715.0
515,,,North,Clothing,Shirt,21117.0,,5.0,5279.0
516,,2023-02-06,South,Electronics,Tablet,22712.0,,5.0,5678.0
517,,,West,Electronics,Laptop,22566.0,,15.0,
518,1531.0,2023-02-19,North,Electronics,Mobile,65512.0,5.0,10.0,13102.0
519,,,West,Furniture,Chair,68764.0,4.0,0.0,20629.0
520,,2023-05-17,East,Electronics,Mobile,63817.0,5.0,15.0,9572.0
521,,,,Clothing,Shirt,32635.0,4.0,5.0,8158.0
522,1597.0,2023-01-14,East,Clothing,Shirt,26873.0,,15.0,4030.0
523,,,East,Clothing,Jeans,50194.0,,20.0,5019.0
524,,2023-07-22,South,Electronics,Laptop,16964.0,,30.0,0.0
525,,,East,Electronics,Mobile,63428.0,,0.0,19028.0
526,1337.0,2023-01-01,East,Furniture,Chair,6567.0,3.0,15.0,985.0
527,,2023-06-01,East,Furniture,Table,54756.0,,5.0,13689.0
528,1497.0,,North,Electronics,Laptop,64985.0,,10.0,12996.0
529,,2023-08-09,West,Clothing,,68831.0,4.0,20.0,
530,,,West,Electronics,Tablet,62351.0,,15.0,9352.0
531,1385.0,,West,Furniture,Sofa,33308.0,,20.0,3330.0
532,1214.0,,North,Electronics,Mobile,,,0.0,1837.0
533,1416.0,,West,Furniture,,62060.0,2.0,,6205.0
534,,,North,Electronics,Laptop,8498.0,,0.0,
535,,,South,Furniture,Table,22623.0,,30.0,0.0
536,1668.0,2023-08-07,West,Electronics,,64618.0,,0.0,
537,,,West,Clothing,Shirt,60272.0,,15.0,9040.0
538,1782.0,2023-10-05,West,Clothing,Jeans,30249.0,,20.0,3024.0
539,1311.0,,West,Electronics,Tablet,13079.0,,30.0,0.0
540,,,South,Furniture,Table,47162.0,,10.0,9432.0
541,1428.0,,South,Electronics,Tablet,19501.0,2.0,30.0,0.0
542,,,West,Clothing,Jeans,48549.0,4.0,5.0,12137.0
543,1258.0,,South,Furniture,Table,6794.0,,,0.0
544,,2023-12-08,South,Clothing,Jacket,35740.0,4.0,0.0,10722.0
545,,2023-05-06,North,Electronics,Laptop,51879.0,,5.0,12969.0
546,,2023-08-21,West,Furniture,Table,14062.0,4.0,0.0,4218.0
547,,,West,Furniture,Sofa,,5.0,15.0,467.0
548,,,,,Laptop,52486.0,,15.0,7872.0
549,1111.0,,West,Electronics,Laptop,66038.0,,15.0,9905.0
550,,,West,Electronics,Laptop,48938.0,4.0,20.0,4893.0
551,,2023-12-21,North,Electronics,Laptop,65805.0,3.0,15.0,9870.0
552,,,West,Clothing,Jeans,36513.0,1.0,5.0,9128.0
553,1150.0,,West,Clothing,Shirt,27532.0,,30.0,0.0
554,1518.0,,West,Furniture,Sofa,24958.0,,,0.0
555,1574.0,,North,Clothing,Shirt,7785.0,,30.0,
556,1315.0,2023-07-06,,Electronics,Headphones,56353.0,,0.0,16905.0
557,,2023-09-30,East,,Shirt,,,0.0,6410.0
558,1571.0,,West,Clothing,Shirt,12806.0,2.0,0.0,3841.0
559,1445.0,,North,Furniture,,7983.0,,10.0,1596.0
560,1625.0,,North,Furniture,Sofa,21047.0,2.0,5.0,5261.0
561,1639.0,,North,Electronics,,25429.0,,5.0,6357.0
562,1186.0,2023-06-22,,Clothing,Jacket,33634.0,,10.0,6726.0
563,,2023-03-07,South,Clothing,Jacket,,,,
564,,2023-10-17,South,Clothing,Jeans,,2.0,15.0,
565,1490.0,2023-12-12,East,Furniture,Table,61444.0,5.0,15.0,9216.0
566,1519.0,2023-10-21,East,Clothing,Shirt,,,0.0,10961.0
567,1627.0,2023-11-29,North,Furniture,Table,44089.0,,10.0,8817.0
568,,,South,Clothing,Jacket,43455.0,,15.0,6518.0
569,1501.0,2023-08-11,South,Electronics,Tablet,18344.0,2.0,10.0,3668.0
570,1660.0,2023-04-23,East,Clothing,Shirt,65131.0,3.0,20.0,6513.0
571,1778.0,,North,Electronics,Headphones,63102.0,,5.0,15775.0
572,,,South,Clothing,Jeans,26277.0,,10.0,5255.0
573,1396.0,2023-06-18,,Electronics,Laptop,5416.0,,15.0,812.0
574,1171.0,,North,Electronics,Headphones,13651.0,,,4095.0
575,,,South,Furniture,Sofa,23037.0,,5.0,5759.0
576,1130.0,2023-08-10,East,Clothing,Jeans,21646.0,3.0,10.0,4329.0
577,,2023-10-14,South,Clothing,Shirt,,2.0,15.0,6588.0
578,,2023-08-03,West,Furniture,Table,1639.0,,15.0,245.0
579,,,West,Furniture,Chair,8330.0,,5.0,2082.0
580,,2023-12-13,West,Electronics,Laptop,65441.0,4.0,0.0,19632.0
581,1304.0,,West,,Tablet,48071.0,2.0,5.0,12017.0
582,1178.0,2023-08-17,West,,Tablet,47140.0,,10.0,9428.0
583,,,South,,Jacket,53459.0,2.0,5.0,13364.0
584,,2023-12-27,North,Electronics,Tablet,1863.0,4.0,10.0,372.0
585,1738.0,2023-04-19,East,Electronics,Headphones,55361.0,,20.0,5536.0
586,,,South,Electronics,Laptop,14666.0,,5.0,3666.0
587,,2023-02-19,North,Furniture,Sofa,44320.0,,10.0,8864.0
588,1791.0,,South,Furniture,Sofa,55953.0,,5.0,13988.0
589,1073.0,2023-12-21,North,Electronics,Tablet,,,15.0,729.0
590,1019.0,2023-02-18,East,Clothing,Jacket,,5.0,5.0,2916.0
591,1648.0,2023-12-12,,Electronics,Laptop,38225.0,,5.0,9556.0
592,1248.0,2023-03-20,West,Clothing,Shirt,58646.0,,,17593.0
593,1369.0,,North,Furniture,Table,65267.0,,5.0,16316.0
594,,2023-05-08,West,,Headphones,30480.0,5.0,20.0,3047.0
595,,,North,Furniture,Sofa,23450.0,2.0,15.0,3517.0
596,,,South,Furniture,Sofa,57633.0,1.0,15.0,8644.0
597,,,North,Furniture,Sofa,38862.0,5.0,0.0,11658.0
598,1547.0,,West,Furniture,Table,46633.0,,10.0,
599,,,North,Furniture,Table,18619.0,,,5585.0
600,1666.0,,North,Clothing,Jacket,57229.0,,5.0,14307.0
601,,2023-10-06,North,Clothing,,49951.0,3.0,15.0,7492.0
602,,,North,Clothing,Shirt,20203.0,1.0,30.0,0.0
603,1089.0,,South,Clothing,Jacket,,1.0,0.0,
604,,2023-10-10,East,Furniture,,31323.0,1.0,0.0,9396.0
605,,,South,,Laptop,53373.0,1.0,30.0,0.0
606,1477.0,,South,Furniture,Table,42673.0,4.0,20.0,4267.0
607,1250.0,2023-07-18,East,Furniture,Sofa,,,5.0,2972.0
608,,,North,,Sofa,37396.0,5.0,30.0,0.0
609,,2023-09-06,East,Furniture,Chair,7380.0,,,737.0
610,,2023-12-09,East,Clothing,Jacket,63714.0,1.0,10.0,12742.0
611,,,North,Clothing,,17070.0,,20.0,1706.0
612,1177.0,,South,Clothing,Jacket,30458.0,3.0,20.0,3045.0
613,,,North,Clothing,Jacket,32489.0,3.0,20.0,3248.0
614,1634.0,2023-08-15,East,Electronics,Headphones,33782.0,,5.0,8445.0
615,,2023-12-01,East,Furniture,Table,62496.0,5.0,30.0,0.0
616,,2023-08-04,East,,Shirt,2593.0,,15.0,388.0
617,,,West,Electronics,Mobile,62298.0,,,15574.0
618,1689.0,2023-03-21,West,Clothing,Jacket,24446.0,,15.0,3666.0
619,1483.0,2023-11-11,East,,Headphones,2216.0,5.0,15.0,332.0
620,,2023-09-13,South,,Laptop,47132.0,,30.0,0.0
621,1784.0,2023-12-07,West,Furniture,Sofa,29325.0,1.0,20.0,2932.0
622,1036.0,2023-12-27,South,Electronics,Tablet,64836.0,1.0,20.0,6483.0
623,,2023-12-15,South,Clothing,Shirt,68840.0,,0.0,20652.0
624,,2023-01-24,South,Electronics,Mobile,3428.0,3.0,10.0,685.0
625,1734.0,,,Clothing,Shirt,57985.0,,15.0,8697.0
626,,2023-11-18,South,Electronics,Headphones,3387.0,1.0,5.0,846.0
627,,,West,,Sofa,56175.0,,0.0,16852.0
628,,2023-05-05,East,Electronics,Tablet,46685.0,,0.0,14005.0
629,,2023-11-24,East,Clothing,Shirt,58079.0,,5.0,14519.0
630,1588.0,,East,Furniture,Table,68041.0,,5.0,17010.0
631,1612.0,2023-03-28,West,,Table,3490.0,1.0,20.0,348.0
632,1369.0,,South,,Sofa,11737.0,,10.0,2347.0
633,1212.0,2023-12-03,,Furniture,Table,23687.0,3.0,20.0,
634,,2023-01-29,West,Electronics,Laptop,52782.0,5.0,15.0,7917.0
635,1113.0,,East,Clothing,Shirt,7909.0,4.0,15.0,1186.0
636,,2023-05-09,South,Electronics,Mobile,61458.0,1.0,0.0,18437.0
637,,,,Clothing,Jeans,3064.0,,30.0,0.0
638,1791.0,,North,Clothing,Shirt,54775.0,,20.0,5477.0
639,,,East,Furniture,Sofa,,1.0,20.0,1359.0
640,,,West,Furniture,,49502.0,4.0,15.0,7425.0
641,1302.0,,South,Electronics,,7654.0,,15.0,1148.0
642,1154.0,2023-10-14,North,Clothing,Jeans,,,15.0,2274.0
643,1091.0,2023-07-06,South,Clothing,Jeans,8614.0,,30.0,0.0
644,1142.0,,North,Clothing,,61688.0,3.0,10.0,12337.0
645,1628.0,2023-09-24,North,Furniture,Sofa,69307.0,3.0,0.0,20792.0
646,1278.0,,South,Furniture,Table,13795.0,3.0,0.0,4138.0
647,,2023-09-30,West,Clothing,Jacket,63169.0,,,6316.0
648,1557.0,,South,Electronics,Laptop,40313.0,1.0,0.0,12093.0
649,1064.0,,East,Electronics,Mobile,59087.0,,5.0,14771.0
650,1729.0,2023-08-14,West,Furniture,Sofa,18939.0,,20.0,1893.0
651,,,West,Furniture,Sofa,33734.0,2.0,5.0,8433.0
652,1533.0,2023-02-07,South,Furniture,Sofa,31164.0,,20.0,3116.0
653,1258.0,2023-04-10,East,Clothing,Shirt,4335.0,,15.0,650.0
654,1286.0,,East,Clothing,Shirt,,1.0,10.0,11723.0
655,1225.0,,West,Electronics,Tablet,52202.0,3.0,0.0,15660.0
656,,2023-06-07,,,Shirt,39160.0,3.0,,
657,,2023-12-18,South,Electronics,Tablet,46963.0,5.0,20.0,
658,1734.0,2023-02-08,South,Electronics,Laptop,40143.0,3.0,20.0,4014.0
659,1545.0,,West,Clothing,Shirt,40949.0,5.0,20.0,4094.0
660,,,South,Furniture,Table,,1.0,15.0,709.0
661,1722.0,2023-08-26,North,Furniture,Chair,64156.0,,10.0,12831.0
662,,,East,Clothing,Jacket,58570.0,2.0,5.0,14642.0
663,1457.0,,East,Electronics,Headphones,,,,280.0
664,,2023-06-20,North,,Chair,11030.0,,10.0,2206.0
665,,2023-06-23,West,Clothing,Jeans,24383.0,,15.0,3657.0
666,1197.0,,South,,Sofa,37192.0,,15.0,5578.0
667,,,South,Clothing,Jacket,55310.0,,5.0,13827.0
668,1726.0,,East,Electronics,Tablet,47373.0,,20.0,4737.0
669,,2023-10-19,South,Clothing,Shirt,39242.0,1.0,0.0,11772.0
670,1443.0,2023-06-18,East,Electronics,Headphones,48838.0,,20.0,4883.0
671,1406.0,2023-03-03,West,Furniture,Chair,61938.0,,0.0,18581.0
672,1272.0,2023-11-16,West,Clothing,Jeans,35619.0,2.0,10.0,7123.0
673,,,West,Clothing,Jacket,41015.0,,5.0,10253.0
674,1696.0,2023-06-06,East,Clothing,Shirt,64145.0,,10.0,12828.0
675,1312.0,2023-08-10,South,Electronics,Mobile,,3.0,10.0,3521.0
676,1570.0,,South,Electronics,Laptop,29568.0,2.0,20.0,2956.0
677,,,East,Clothing,Jeans,1756.0,1.0,,263.0
678,1510.0,,South,Furniture,Sofa,6454.0,,20.0,645.0
679,,2023-10-11,West,Electronics,Mobile,38495.0,,,0.0
680,1483.0,2023-12-31,East,Clothing,Shirt,42833.0,,20.0,4283.0
681,,,West,Electronics,Headphones,27002.0,4.0,15.0,4050.0
682,1425.0,2023-02-26,East,,Table,39920.0,4.0,0.0,11976.0
683,,2023-05-21,South,Electronics,Headphones,57903.0,,,17370.0
684,,,South,Electronics,Mobile,,2.0,20.0,2965.0
685,,2023-07-03,South,Electronics,Headphones,39808.0,5.0,0.0,11942.0
686,1555.0,2023-01-01,East,Furniture,Table,49977.0,4.0,,7496.0
687,1661.0,,West,Furniture,Sofa,21847.0,,10.0,4369.0
688,,,South,,,59942.0,3.0,10.0,11988.0
689,,,South,Electronics,Headphones,29127.0,,10.0,5825.0
690,,,South,,Chair,41621.0,4.0,20.0,4162.0
691,,2023-08-02,,Electronics,Mobile,28219.0,3.0,10.0,5643.0
692,,,West,Electronics,Tablet,60977.0,,10.0,12195.0
693,,,South,,Mobile,64436.0,4.0,0.0,19330.0
694,,2023-02-14,South,Furniture,Table,66977.0,,,20093.0
695,1265.0,2023-12-25,West,Clothing,Jacket,19162.0,,5.0,
696,1076.0,,West,Electronics,Laptop,13106.0,3.0,30.0,0.0
697,1030.0,2023-11-02,North,Clothing,Shirt,35546.0,,0.0,10663.0
698,1717.0,2023-01-20,,Furniture,Sofa,54474.0,1.0,20.0,5447.0
699,,2023-10-21,East,Furniture,Chair,49286.0,,10.0,9857.0
700,1421.0,2023-02-25,East,Electronics,Mobile,37354.0,,15.0,5603.0
701,,,North,Electronics,Laptop,55603.0,,,11120.0
702,1206.0,,East,Furniture,Chair,16012.0,5.0,20.0,1601.0
703,,,South,Clothing,Jeans,31203.0,,5.0,7800.0
704,1035.0,,South,Clothing,Jeans,8357.0,,20.0,835.0
705,,,West,Furniture,Chair,32483.0,,,9744.0
706,1704.0,,North,Clothing,Jeans,18537.0,4.0,,3707.0
707,1736.0,,East,Electronics,Headphones,,3.0,30.0,0.0
708,1019.0,,South,Electronics,Laptop,23444.0,1.0,5.0,5861.0
709,,2023-03-20,South,Clothing,Jacket,65106.0,,20.0,6510.0
710,,2023-07-16,North,,Mobile,56297.0,,10.0,11259.0
711,,2023-10-17,East,Clothing,Jeans,21019.0,4.0,5.0,
712,,,West,,Jeans,21732.0,5.0,5.0,5433.0
713,,2023-01-02,North,Furniture,Chair,,2.0,,5917.0
714,1193.0,,West,Clothing,Jeans,14008.0,2.0,,2101.0
715,1665.0,,South,Furniture,Sofa,24324.0,1.0,0.0,7297.0
716,1370.0,,North,,Tablet,52957.0,,10.0,10591.0
717,1439.0,2023-01-01,North,Clothing,Jeans,50070.0,1.0,30.0,0.0
718,1158.0,2023-09-29,South,Electronics,Headphones,35464.0,5.0,10.0,7092.0
719,1629.0,,South,Electronics,Headphones,11622.0,,20.0,1162.0
720,,,South,Clothing,Jeans,53257.0,,10.0,10651.0
721,1655.0,2023-08-30,West,,Chair,63292.0,1.0,0.0,18987.0
722,1615.0,,South,Electronics,Tablet,60490.0,3.0,5.0,15122.0
723,1242.0,,East,Furniture,Chair,48916.0,,5.0,12229.0
724,,,North,Clothing,Shirt,57893.0,5.0,20.0,5789.0
725,,,South,,Sofa,,,10.0,4171.0
726,,2023-08-11,West,Furniture,Table,40744.0,4.0,5.0,10186.0
727,1115.0,2023-07-21,East,Clothing,Jeans,61829.0,,15.0,9274.0
728,,,,Electronics,Mobile,62198.0,,5.0,15549.0
729,,,West,Clothing,Jeans,55141.0,,10.0,11028.0
730,,2023-04-23,South,Clothing,Jacket,28035.0,,0.0,8410.0
731,,2023-07-24,West,Furniture,Sofa,32794.0,,30.0,0.0
732,1600.0,2023-11-10,North,Furniture,Table,20668.0,2.0,15.0,3100.0
733,,,West,Electronics,Headphones,17539.0,1.0,10.0,3507.0
734,1264.0,,South,Furniture,Sofa,53672.0,2.0,,5367.0
735,1087.0,,,Electronics,Laptop,14606.0,,20.0,1460.0
736,,,West,Clothing,Jacket,7467.0,,5.0,1866.0
737,,2023-03-08,North,Electronics,Laptop,8849.0,,30.0,
738,,,North,Furniture,Chair,40341.0,,10.0,
739,,2023-10-21,East,Clothing,Shirt,,3.0,30.0,0.0
740,,,,Electronics,Headphones,32368.0,,5.0,8092.0
741,,,North,Electronics,Headphones,47000.0,,,14100.0
742,,,West,Electronics,Tablet,39537.0,,0.0,11861.0
743,1292.0,2023-08-16,,Electronics,Mobile,4879.0,4.0,5.0,1219.0
744,1332.0,,South,Furniture,,44303.0,2.0,,0.0
745,1401.0,,West,Clothing,Jeans,53150.0,4.0,0.0,15945.0
746,,2023-12-21,South,Electronics,Mobile,16436.0,1.0,20.0,1643.0
747,,,North,Electronics,Tablet,45463.0,3.0,30.0,0.0
748,,2023-03-08,North,Clothing,Jeans,47198.0,,15.0,7079.0
749,1033.0,,South,Electronics,Tablet,34356.0,,5.0,8589.0
750,,2023-09-12,West,Clothing,Jacket,,3.0,0.0,1323.0
751,,,East,Clothing,Shirt,,1.0,15.0,7518.0
752,1757.0,2023-06-09,,Furniture,,41103.0,,,10275.0
753,,,,Electronics,Tablet,12353.0,5.0,0.0,3705.0
754,1604.0,2023-03-25,South,Clothing,Shirt,18008.0,2.0,10.0,3601.0
755,1543.0,,West,Electronics,Tablet,,,5.0,16258.0
756,,,South,Furniture,Table,11346.0,1.0,,3403.0
757,1749.0,2023-08-17,West,Furniture,Sofa,41743.0,,20.0,4174.0
758,1131.0,,West,Electronics,Tablet,8882.0,2.0,5.0,2220.0
759,,2023-12-25,,Clothing,Jacket,31970.0,,20.0,3196.0
760,,2023-11-30,North,Furniture,Chair,13402.0,,,2010.0
761,1699.0,,West,Clothing,Shirt,56733.0,,0.0,17019.0
762,1239.0,2023-01-27,East,Furniture,Sofa,37240.0,2.0,15.0,5586.0
763,1519.0,2023-07-08,East,Electronics,Tablet,50503.0,4.0,10.0,10100.0
764,1676.0,,North,Electronics,Mobile,60191.0,5.0,10.0,12038.0
765,,,North,Electronics,Tablet,5611.0,,15.0,841.0
766,,2023-04-22,East,Furniture,Table,1517.0,5.0,20.0,151.0
767,,,North,Furniture,Sofa,9219.0,1.0,30.0,0.0
768,1427.0,2023-04-25,West,Clothing,Jeans,45874.0,,,
769,1740.0,2023-09-23,West,Furniture,Sofa,51743.0,3.0,5.0,12935.0
770,,2023-12-26,West,Electronics,Tablet,69330.0,,5.0,17332.0
771,,,West,,Shirt,36015.0,,5.0,9003.0
772,,2023-02-06,North,Clothing,Jeans,,,15.0,496.0
773,1378.0,,North,Furniture,Sofa,20250.0,,15.0,3037.0
774,,2023-08-07,West,Electronics,Laptop,49642.0,,10.0,9928.0
775,1566.0,,North,Furniture,Chair,,,,2456.0
776,,2023-07-13,West,Furniture,Table,27919.0,4.0,5.0,6979.0
777,,2023-01-15,East,Clothing,Jacket,41898.0,,30.0,0.0
778,,,West,Electronics,Headphones,5068.0,,,0.0
779,,2023-08-10,East,Clothing,Jeans,40187.0,4.0,0.0,
780,,,North,Electronics,Laptop,,4.0,20.0,362.0
781,1162.0,,East,Clothing,,34881.0,,10.0,6976.0
782,,2023-01-12,South,Clothing,Jeans,61752.0,,20.0,6175.0
783,1477.0,,South,Clothing,Shirt,23434.0,,20.0,2343.0
784,1007.0,,East,Furniture,Chair,32395.0,,10.0,6478.0
785,1288.0,2023-12-29,North,Furniture,Table,7987.0,5.0,5.0,1996.0
786,,2023-11-15,West,Clothing,Jacket,68405.0,,10.0,13680.0
787,,,North,Clothing,Shirt,,,30.0,0.0
788,1213.0,,North,Electronics,Mobile,62792.0,,5.0,15698.0
789,1232.0,2023-12-03,North,Clothing,Jacket,63627.0,5.0,20.0,6362.0
790,1552.0,2023-07-15,North,Electronics,Tablet,37891.0,4.0,15.0,5683.0
791,1798.0,2023-02-09,North,Furniture,Table,,,10.0,9981.0
792,1458.0,2023-05-01,East,Furniture,,43087.0,3.0,5.0,10771.0
793,,,West,Clothing,,20825.0,,20.0,2082.0
794,,,South,Clothing,Shirt,47559.0,4.0,0.0,14267.0
795,,,South,Clothing,Jeans,27830.0,,15.0,
796,,,North,Furniture,Sofa,22790.0,2.0,20.0,2278.0
797,,2023-09-16,West,Clothing,Jeans,,,15.0,
798,1315.0,,West,,Tablet,63749.0,,15.0,9562.0
799,,2023-10-25,,Electronics,Tablet,,2.0,0.0,18387.0
800,,2023-02-27,West,Furniture,Chair,24419.0,3.0,30.0,0.0
